timestamp,compute_bid,compute_ask,energy_bid,energy_ask,compute_timestamp,energy_timestamp
1790251200,2.9994,3.0006,11.9976,12.0024,1790251200,1790251200
1790251260,3.0017771017659682,3.002978052796881,11.998199894997251,12.00300013500325,1790251260,1790251260
1790251320,3.0040174574343443,3.0052193047867886,11.998799819990001,12.003600300014,1790251320,1790251320
1790251380,3.0059906622203814,3.007193299012628,11.999399774979748,12.004200495033752,1790251380,1790251380
1790251440,3.007582745743433,3.008786019496481,11.999999759967999,12.004800720064004,1790251440,1790251440
1790251500,3.0087034020695134,3.009907124174762,12.000599774956246,12.005400975106259,1790251500,1790251500
1790251560,3.0092917546792872,3.0104957121726574,12.001199819945993,12.006001260162014,1790251560,1790251560
1790251620,3.0093202614764216,3.0105242303747914,12.001799894938742,12.006601575232775,1790251620,1790251620
1790251680,3.0087964880462326,3.0100002473933203,12.002399999935989,12.007201920320039,1790251680,1790251680
1790251740,3.007762624529589,3.008965970248544,12.003000134939235,12.007802295425307,1790251740,1790251740
1790251800,3.006292779920755,3.007495537584256,12.00360029994998,12.008402700550079,1790251800,1790251800
1790251860,3.00448824296309,3.005690278667416,12.00420049496973,12.009003135695863,1790251860,1790251860
1790251920,3.0024710371768486,3.003672265837451,12.004800719999979,12.009603600864152,1790251920,1790251920
1790251980,3.0003762073679203,3.0015765979289792,12.005400975042228,12.010204096056448,1790251980,1790251980
1790252040,2.9983433485269413,2.9995429257818027,12.006001260097984,12.010804621274259,1790252040,1790252040
1790252100,2.9965079221365345,2.9977067650739766,12.006601575168741,12.011405176519077,1790252100,1790252100
1790252160,2.9949929006966722,2.996191137504312,12.007201920256001,12.012005761792409,1790252160,1790252160
1790252220,2.9939012433211745,2.9950990433785143,12.007802295361264,12.012606377095755,1790252220,1790252220
1790252280,2.9933096401953394,2.9945072035640914,12.008402700486037,12.01320702243062,1790252280,1790252280
1790252340,2.9932638787856627,2.9944614238461886,12.009003135631813,12.0138076977985,1790252340,1790252340
1790252400,2.9937760866463474,2.9949738366310026,12.009603600800101,12.0144084032009,1790252400,1790252400
1790252460,2.994823999856658,2.9960221690904474,12.010204095992394,12.01500913863932,1790252460,1790252460
1790252520,2.9963522964846026,2.9975510771593314,12.0108046212102,12.015609904115264,1790252520,1790252520
1790252580,2.998275923890797,2.9994754741704086,12.011405176455016,12.016210699630234,1790252580,1790252580
1790252640,3.000485239746913,3.001685673929648,12.012005761728345,12.016811525185728,1790252640,1790252640
1790252700,3.002852682483444,3.004054063832707,12.012606377031691,12.017412380783252,1790252700,1790252700
1790252760,3.0052405918616594,3.0064429285657446,12.013207022366549,12.018013266424306,1790252760,1790252760
1790252820,3.0075097203161216,3.008712964853155,12.013807697734425,12.018614182110394,1790252820,1790252820
1790252880,3.0095279176235508,3.0107319696009958,12.014408403136825,12.01921512784302,1790252880,1790252880
1790252940,3.0111784425758352,3.0123831548953297,12.015009138575241,12.019816103623679,1790252940,1790252940
1790253000,3.0123673618792823,3.013572549861631,12.015609904051184,12.020417109453883,1790253000,1790253000
1790253060,3.013029542171774,3.014234995079224,12.016210699566146,12.021018145335125,1790253060,1790253060
1790253120,3.0131328257814634,3.014338320010622,12.016811525121637,12.021619211268915,1790253120,1790253120
1790253180,3.0126801001025156,3.0138854132051773,12.01741238071916,12.022220307256754,1790253180,1790253180
1790253240,3.011709115284825,3.0129140399158647,12.018013266360214,12.022821433300145,1790253240,1790253240
1790253300,3.0102900628906832,3.011494419787219,12.018614182046296,12.023422589400585,1790253300,1790253300
1790253360,3.0085210849743462,3.0097247341381688,12.019215127778919,12.024023775559586,1790253360,1790253360
1790253420,3.006522024569521,3.0077248739492246,12.019816103559576,12.024624991778643,1790253420,1790253420
1790253480,3.0044268428546133,3.005628853993983,12.020417109389774,12.025226238059263,1790253480,1790253480
1790253540,3.0023752070214624,3.0035763973423353,12.021018145271015,12.025827514402948,1790253540,1790253540
1790253600,3.0005037922903712,3.001704233895608,12.0216192112048,12.026428820811205,1790253600,1790253600
1790253660,2.998937842192617,3.000137657292514,12.022220307192637,12.02703015728553,1790253660,1790253660
1790253720,2.9977834973697743,2.998982850639376,12.022821433236022,12.027631523827434,1790253720,1790253720
1790253780,2.997121341177619,2.9983204295317605,12.02342258933646,12.028232920438414,1790253780,1790253780
1790253840,2.997001527605049,2.9982005680241746,12.024023775495456,12.028834347119977,1790253840,1790253840
1790253900,2.997440760253633,2.998639976400964,12.02462499171451,12.029435803873628,1790253900,1790253900
1790253960,2.998421285955262,2.9996208943913314,12.02522623799513,12.03003729070087,1790253960,1790253960
1790254020,2.999891957155144,3.00109215397737,12.025827514338813,12.030638807603202,1790254020,1790254020
1790254080,3.001771306445339,3.002972255157659,12.026428820747062,12.03124035458213,1790254080,1790254080
1790254140,3.0039524671786912,3.005154288529833,12.027030157221388,12.031841931639159,1790254140,1790254140
1790254200,3.006309668947154,3.007512433367617,12.027631523763288,12.032443538775796,1790254200,1790254200
1790254260,3.0087059400497824,3.009909663170426,12.028232920374267,12.033045175993541,1790254260,1790254260
1790254320,3.011001566552425,3.012206208107356,12.028834347055826,12.033646843293896,1790254320,1790254320
1790254380,3.013062796034924,3.0142682622465804,12.029435803809474,12.03424854067837,1790254380,1790254380
1790254440,3.014770240929213,3.0159763902554495,12.030037290636708,12.034850268148466,1790254440,1790254440
1790254500,3.016026437913922,3.0172330898194684,12.030638807539036,12.035452025705686,1790254500,1790254500
1790254560,3.0167620602694654,3.0179690064828155,12.031240354517962,12.036053813351536,1790254560,1790254560
1790254620,3.016940359905704,3.0181473774531757,12.031841931574991,12.036655631087523,1790254620,1790254620
1790254680,3.0165595310138302,3.0177663961992724,12.032443538711622,12.037257478915148,1790254680,1790254680
1790254740,3.015652829554106,3.016859331986414,12.033045175929361,12.037859356835915,1790254740,1790254740
1790254800,3.014286440002838,3.015492395769993,12.033646843229716,12.038461264851334,1790254800,1790254800
1790254860,3.012555238774064,3.0137605019222033,12.034248540614188,12.039063202962902,1790254860,1790254860
1790254920,3.0105767482234294,3.0117812198170375,12.034850268084279,12.03966517117213,1790254920,1790254920
1790254980,3.008483693760637,3.0096873279649823,12.035452025641497,12.040267169480522,1790254980,1790254980
1790255040,3.0064156604937846,3.0076184673193467,12.036053813287346,12.040869197889581,1790255040,1790255040
1790255100,3.004510390579894,3.0057124351450386,12.036655631023327,12.041471256400813,1790255100,1790255100
1790255160,3.0028952681086816,3.0040966664956024,12.037257478850949,12.042073345015721,1790255160,1790255160
1790255220,3.001679508686244,3.0028804206721156,12.037859356771715,12.042675463735815,1790255220,1790255220
1790255280,3.0009475121634677,3.002148131292159,12.038461264787125,12.043277612562596,1790255280,1790255280
1790255340,3.0007537564253663,3.0019542980362584,12.039063202898696,12.043879791497574,1790255340,1790255340
1790255400,3.0011195147763887,3.002320202719888,12.03966517110792,12.04448200054225,1790255400,1790255400
1790255460,3.002031575005114,3.003232627845684,12.040267169416305,12.045084239698129,1790255460,1790255460
1790255520,3.003443029002131,3.0046446465372383,12.040869197825362,12.045686508966721,1790255520,1790255520
1790255580,3.005276090946443,3.006478441853003,12.041471256336589,12.046288808349527,1790255580,1790255580
1790255640,3.0074267921556044,3.0086300035147384,12.042073344951499,12.046891137848059,1790255640,1790255640
1790255700,3.027884206799288,3.0290956027612,12.042675463671587,12.047493497463813,1790255700,1790255700
1790255760,3.0303008356760075,3.031513198482839,12.043277612498366,12.048095887198306,1790255760,1790255760
1790255820,3.0144932827967077,3.0156993213175305,12.04387979143334,12.048698307053037,1790255820,1790255820
1790255880,3.016595532185183,3.017802411773975,12.04448200047801,12.049300757029512,1790255880,1790255880
1790255940,3.0183583090164765,3.0195658938570507,12.045084239633889,12.049903237129241,1790255940,1790255940
1790256000,3.0196807214316337,3.020888835342989,12.045686508902477,12.050505747353728,1790256000,1790256000
1790256060,3.0204893177290986,3.0216977551436726,12.046288808285283,12.05110828770448,1790256060,1790256060
1790256120,3.0207427898499026,3.0219513286736075,12.046891137783806,12.051710858183,1790256120,1790256120
1790256180,3.0204346290955715,3.021643044630317,12.047493497399563,12.0523134587908,1790256180,1790256180
1790256240,3.0195935480206826,3.0208016270556977,12.04809588713405,12.052916089529383,1790256240,1790256240
1790256300,3.018281638654416,3.019489192820711,12.048698306988776,12.053518750400254,1790256300,1790256300
1790256360,3.016590396134376,3.017797273668336,12.049300756965248,12.054121441404924,1790256360,1790256360
1790256420,3.014634884077543,3.0158409792502083,12.049903237064976,12.054724162544899,1790256420,1790256420
1790256480,3.012546440819367,3.013751700447621,12.050505747289458,12.055326913821679,1790256480,1790256480
1790256540,3.0104644146247796,3.0116688412759594,12.051108287640208,12.055929695236781,1790256540,1790256540
1790256600,3.008527466075073,3.0097311177918464,12.051710858118724,12.056532506791704,1790256600,1790256600
1790256660,3.0068649865428574,3.008067973134793,12.052313458726521,12.057135348487963,1790256660,1790256660
1790256720,3.005589156341628,3.0067916324993966,12.0529160894651,12.057738220327057,1790256720,1790256720
1790256780,3.004788110792386,3.005990266467838,12.05351875033597,12.0583411223105,1790256780,1790256780
1790256840,3.00452060429968,3.00572265295113,12.054121441340635,12.05894405443979,1790256840,1790256840
1790256900,3.0048124686380326,3.0060146340585714,12.054724162480605,12.059547016716445,1790256900,1790256900
1790256960,3.0056550579921746,3.0068575605158765,12.055326913757385,12.060150009141966,1790256960,1790256960
1790257020,3.0070057643801786,3.0082088072945132,12.055929695172482,12.06075303171786,1790257020,1790257020
1790257080,3.008790576157867,3.0099943331397268,12.056532506727407,12.061356084445642,1790257080,1790257080
1790257140,3.0109085419674275,3.0121131463050816,12.057135348423659,12.061959167326807,1790257140,1790257140
1790257200,3.0132378955846195,3.0144434318501063,12.05773822026275,12.062562280362874,1790257200,1790257200
1790257260,3.015643497467292,3.0168499961660187,12.058341122246189,12.063165423555349,1790257260,1790257260
1790257320,3.0179851616829065,3.0191925972346896,12.058944054375477,12.063768596905732,1790257320,1790257320
1790257380,3.020126368922172,3.0213346611281815,12.059547016652127,12.064371800415541,1790257380,1790257380
1790257440,3.0219428248035345,3.0231518437372427,12.060150009077645,12.064975034086277,1790257440,1790257440
1790257500,3.023330314464989,3.0245398885055828,12.060753031653537,12.065578297919451,1790257500,1790257500
1790257560,3.0242113344153476,3.0254212609344173,12.061356084381313,12.066181591916571,1790257560,1790257560
1790257620,3.02454005234248,3.0257501103750237,12.06195916726248,12.066784916079147,1790257620,1790257620
1790257680,3.02430525232085,3.0255152164145973,12.062562280298543,12.067388270408685,1790257680,1790257680
1790257740,3.0235310593386684,3.0247407136932747,12.063165423491013,12.06799165490669,1790257740,1790257740
1790257800,3.0222753920249437,3.0234845440121507,12.063768596841394,12.068595069574675,1790257800,1790257800
1790257860,3.0206262520675313,3.0218347442667977,12.064371800351196,12.06919851441415,1790257860,1790257860
1790257920,3.018696108583626,3.0199038285710564,12.064975034021932,12.06980198942662,1790257920,1790257920
1790257980,3.0166147625406508,3.017821649823123,12.065578297855103,12.070405494613597,1790257980,1790257980
1790258040,3.0145211702975794,3.0157272199756338,12.066181591852219,12.071009029976585,1790258040,1790258040
1790258100,3.012554760791273,3.0137600237481803,12.06678491601479,12.071612595517095,1790258100,1790258100
1790258160,3.0108467967299806,3.0120513763645995,12.067388270344326,12.07221619123664,1790258160,1790258160
1790258220,3.0095123092844167,3.0107163550172773,12.067991654842329,12.072819817136724,1790258220,1790258220
1790258280,3.008643083938332,3.0098467819115022,12.068595069510312,12.073423473218856,1790258280,1790258280
1790258340,3.008302099521149,3.009505661073268,12.069198514349782,12.074027159484547,1790258340,1790258340
1790258400,3.008519730153357,3.009723378775143,12.06980198936225,12.07463087593531,1790258400,1790258400
1790258460,3.009291917053384,3.0104958746117165,12.07040549454922,12.075234622572644,1790258460,1790258460
1790258520,3.010580408592688,3.0117848816507364,12.071009029912206,12.075838399398068,1790258520,1790258520
1790258580,3.012315056027668,3.01352022308349,12.071612595452716,12.076442206413088,1790258580,1790258580
1790258640,3.014398041634082,3.0156040420508186,12.072216191172254,12.07704604361921,1790258640,1790258640
1790258700,3.0167098082786836,3.0179167335870565,12.072819817072334,12.077649911017952,1790258700,1790258700
1790258760,3.019116358450586,3.0203242465715903,12.073423473154465,12.078253808610816,1790258760,1790258760
1790258820,3.021477501518708,3.022686334285869,12.074027159420154,12.078857736399318,1790258820,1790258820
1790258880,3.023655556963107,3.0248652611267244,12.07463087587091,12.079461694384962,1790258880,1790258880
1790258940,3.02552397583746,3.026734427518131,12.075234622508244,12.08006568256926,1790258940,1790258940
1790259000,3.0269753297372337,3.0281863620755964,12.075838399333662,12.08066970095372,1790259000,1790259000
1790259060,3.027928141311542,3.029139554850775,12.07644220634868,12.081273749539857,1790259060,1790259060
1790259120,3.028332094944335,3.0295436700973433,12.077046043554805,12.08187782832918,1790259120,1790259120
1790259180,3.02817126851245,3.0293827793220167,12.07764991095354,12.082481937323195,1790259180,1790259180
1790259240,3.0274651603990566,3.028676388708878,12.0782538085464,12.083086076523415,1790259240,1790259240
1790259300,3.0262674393982905,3.0274781885238746,12.078857736334896,12.08369024593135,1790259300,1790259300
1790259360,3.02466250518232,3.0258726122057977,12.079461694320539,12.084294445548512,1790259360,1790259360
1790259420,3.0227600990737176,3.0239694449825287,12.08006568250483,12.084898675376408,1790259420,1790259420
1790259480,3.020688335565957,3.021896852603591,12.080669700889292,12.085502935416553,1790259480,1790259480
1790259540,3.018585623918544,3.019793299703268,12.081273749475427,12.086107225670455,1790259540,1790259540
1790259600,3.0165920099570616,3.01779888813668,12.081877828264743,12.086711546139624,1790259600,1790259600
1790259660,3.0148404892411804,3.016046666672363,12.082481937258756,12.087315896825572,1790259660,1790259660
1790259720,3.0134488264607895,3.0146544471155043,12.083086076458972,12.087920277729811,1790259720,1790259720
1790259780,3.012512367744605,3.013717613740902,12.083690245866906,12.08852468885385,1790259780,1790259780
1790259840,3.0120982595711188,3.0133033398910114,12.084294445484064,12.089129130199199,1790259840,1790259840
1790259900,3.0122413973930464,3.0134465349795208,12.084898675311955,12.08973360176737,1790259900,1790259900
1790259960,3.0129423252652523,3.014147743278961,12.085502935352096,12.09033810355988,1790259960,1790259960
1790260020,3.0141671996163315,3.01537310767779,12.086107225605993,12.09094263557823,1790260020,1790260020
1790260080,3.0158498193641203,3.0170564006081144,12.086711546075161,12.091547197823939,1790260080,1790260080
1790260140,3.0178956135516937,3.0191030132770593,12.087315896761107,12.092151790298518,1790260140,1790260140
1790260200,3.020187369269077,3.021395685880107,12.087920277665338,12.092756413003473,1790260200,1790260200
1790260260,3.022592380339553,3.02380165914745,12.088524688789377,12.093361065940321,1790260260,1790260260
1790260320,3.02497060597208,3.0261808362605263,12.089129130134724,12.093965749110572,1790260320,1790260320
1790260380,3.027183354637588,3.028394470202556,12.089733601702893,12.094570462515737,1790260380,1790260380
1790260440,3.0291019590635146,3.030313842223772,12.090338103495398,12.095175206157329,1790260440,1790260440
1790260500,3.030615890566272,3.031828379420269,12.090942635513745,12.095779980036856,1790260500,1790260500
1790260560,3.031639780517717,3.0328526790096224,12.091547197759454,12.096384784155838,1790260560,1790260560
1790260620,3.0321188761415376,3.033331966310028,12.092151790234023,12.096989618515774,1790260620,1790260620
1790260680,3.0320325555240624,3.0332456111573984,12.092756412938979,12.09759448311819,1790260680,1790260680
1790260740,3.031395656587181,3.03260845740998,12.093361065875824,12.098199377964592,1790260740,1790260740
1790260800,3.0302575264788327,3.03146987195852,12.093965749046072,12.098804303056491,1790260800,1790260800
1790260860,3.0286988580376963,3.0299105799252892,12.094570462451232,12.099409258395402,1790260860,1790260860
1790260920,3.026826534127967,3.02803750693618,12.095175206092822,12.100014243982837,1790260920,1790260920
1790260980,3.0247668350269117,3.025976983790675,12.095779979972345,12.100619259820302,1790260980,1790260980
1790261040,3.022657467744353,3.02386677259242,12.096384784091324,12.101224305909323,1790261040,1790261040
1790261100,3.020638942290396,3.021847439566767,12.096989618451259,12.101829382251397,1790261100,1790261100
1790261160,3.0188458461933725,3.020053626087829,12.09759448305367,12.102434488848049,1790261160,1790261160
1790261220,3.0173985569459885,3.0186057578089396,12.09819937790007,12.103039625700788,1790261220,1790261220
1790261280,3.0163958876703014,3.017602687385313,12.098804302991965,12.103644792811124,1790261280,1790261280
1790261340,3.015909091078597,3.0171156960360195,12.099409258330875,12.104249990180575,1790261340,1790261340
1790261400,3.015977558058784,3.0171841904084773,12.1000142439183,12.104855217810647,1790261400,1790261400
1790261460,3.016606446441693,3.0178133303970602,12.100619259755767,12.10546047570286,1790261460,1790261460
1790261520,3.0177663678328934,3.0189737158496297,12.101224305844783,12.106065763858721,1790261520,1790261520
1790261580,3.0193951495166753,3.0206031491764134,12.101829382186859,12.106671082279751,1790261580,1790261580
1790261640,3.0214015771410083,3.022610379532343,12.102434488783505,12.107276430967456,1790261640,1790261640
1790261700,3.041867475401139,3.0430844657893767,12.103039625636239,12.107881809923349,1790261700,1790261700
1790261760,3.044282905585009,3.0455008623385935,12.103644792746573,12.108487219148953,1790261760,1790261760
1790261820,3.0284647837514034,3.0296764119905517,12.104249990116019,12.10909265864577,1790261820,1790261820
1790261880,3.03071002762167,3.031922554138022,12.104855217746088,12.109698128415321,1790261880,1790261880
1790261940,3.032676980631252,3.033890294086196,12.1054604756383,12.110303628459118,1790261940,1790261940
1790262000,3.0342521307564208,3.0354660743974518,12.106065763794158,12.110909158778673,1790262000,1790262000
1790262060,3.035346305235976,3.0365606866343504,12.10667108221518,12.111514719375498,1790262060,1790262060
1790262120,3.0359003654257832,3.0371149684925665,12.107276430902882,12.112120310251111,1790262120,1790262120
1790262180,3.035889001410578,3.037103599930846,12.107881809858776,12.112725931407029,1790262180,1790262180
1790262240,3.035322362031278,3.0365367338504545,12.108487219084374,12.113331582844758,1790262240,1790262240
1790262300,3.0342454057013666,3.035459346651837,12.109092658581188,12.113937264565818,1790262300,1790262300
1790262360,3.0327350174931866,3.0339483541675185,12.109698128350736,12.11454297657172,1790262360,1790262360
1790262420,3.0308950939424113,3.0321076945001,12.110303628394528,12.11514871886398,1790262420,1790262420
1790262480,3.0288499349068467,3.0300617172372752,12.110909158714081,12.115754491444113,1790262480,1790262480
1790262540,3.0267363902148765,3.027947326958311,12.111514719310904,12.11636029431363,1790262540,1790262540
1790262600,3.0246952802829035,3.025905400419044,12.112120310186516,12.116966127474047,1790262600,1790262600
1790262660,3.0228626414686497,3.0240720284026237,12.112725931342428,12.11757199092688,1790262660,1790262660
1790262720,3.021361340086744,3.0225701263800366,12.113331582780154,12.118177884673644,1790262720,1790262720
1790262780,3.020293558548332,3.0215019176435702,12.11393726450121,12.118783808715854,1790262780,1790262780
1790262840,3.019734589791184,3.020942725254193,12.114542976507108,12.11938976305502,1790262840,1790262840
1790262900,3.0197282893690964,3.020936422311433,12.115148718799365,12.119995747692663,1790262900,1790262900
1790262960,3.0202844349413,3.0214927903863655,12.115754491379494,12.120601762630297,1790262960,1790262960
1790263020,3.0213781357687526,3.0225869287816622,12.116360294249008,12.12120780786943,1790263020,1790263020
1790263080,3.022951324062278,3.0241607464763853,12.116966127409425,12.121813883411589,1790263080,1790263080
1790263140,3.0249162484985352,3.0261264570396427,12.117571990862253,12.122419989258276,1790263140,1790263140
1790263200,3.0271607805438125,3.0283718870773364,12.118177884609013,12.123026125411018,1790263200,1790263200
1790263260,3.029555239636592,3.0307673041453485,12.118783808651218,12.123632291871322,1790263260,1790263260
1790263320,3.0319603482795805,3.033173375024241,12.119389762990384,12.12423848864071,1790263320,1790263320
1790263380,3.034235848663315,3.0354497857902056,12.119995747628025,12.124844715720695,1790263380,1790263380
1790263440,3.0362492556899032,3.037463998340709,12.120601762565652,12.125450973112788,1790263440,1790263440
1790263500,3.0378841944780577,3.0390995912352006,12.121207807804785,12.126057260818508,1790263500,1790263500
1790263560,3.0390477797431728,3.040263642027527,12.12181388334694,12.126663578839375,1790263560,1790263560
1790263620,3.039676543362452,3.0408926572025647,12.122419989193626,12.127269927176899,1790263620,1790263620
1790263680,3.0397405045871766,3.040956644016897,12.12302612534636,12.127876305832597,1790263680,1790263680
1790263740,3.039245099841828,3.0404610410700097,12.123632291806665,12.128482714807987,1790263740,1790263740
1790263800,3.0382308365343973,3.039446371976099,12.124238488576049,12.129089154104586,1790263800,1790263800
1790263860,3.036770695055651,3.0379856463239268,12.12484471565603,12.129695623723906,1790263860,1790263860
1790263920,3.0349654606962737,3.0361796897263584,12.125450973048121,12.130302123667462,1790263920,1790263920
1790263980,3.032937308404962,3.034150726011845,12.126057260753837,12.130908653936777,1790263980,1790263980
1790264040,3.0308220762914866,3.032034647636272,12.1266635787747,12.131515214533362,1790264040,1790264040
1790264100,3.0287607404920225,3.029972487137548,12.12726992711222,12.132121805458734,1790264100,1790264100
1790264160,3.0268906409433622,3.0281016393994307,12.127876305767916,12.132728426714412,1790264160,1790264160
1790264220,3.0253370056546274,3.0265473825322644,12.128482714743301,12.13333507830191,1790264220,1790264220
1790264280,3.0242052846549985,3.02541520875368,12.129089154039896,12.133941760222747,1790264280,1790264280
1790264340,3.0235747405575406,3.0247844123881293,12.129695623659213,12.13454847247844,1790264340,1790264340
1790264400,3.023493657956095,3.0247032973471555,12.130302123602766,12.1351552150705,1790264400,1790264400
1790264460,3.0239764354843,3.0251862680250015,12.130908653872078,12.135761988000452,1790264460,1790264460
1790264520,3.025002717842284,3.0262129609780484,12.13151521446866,12.136368791269806,1790264520,1790264520
1790264580,3.0265186144973923,3.0277294641131145,12.13212180539403,12.136975624880085,1790264580,1790264580
1790264640,3.0284399400507795,3.02965155835046,12.132728426649704,12.1375824888328,1790264640,1790264640
1790264700,3.03065730103655,3.031869806458049,12.1333350782372,12.138189383129474,1790264700,1790264700
1790264760,3.033042748296087,3.034256208087364,12.133941760158034,12.13879630777162,1790264760,1790264760
1790264820,3.03545761736246,3.0366720432945913,12.134548472413723,12.139403262760759,1790264820,1790264820
1790264880,3.0377610972995295,3.038976444807951,12.135155215005781,12.140010248098402,1790264880,1790264880
1790264940,3.0398190081732808,3.0410351790107177,12.135761987935728,12.140617263786071,1790264940,1790264940
1790265000,3.041512236135279,3.0427290843993853,12.13636879120508,12.141224309825287,1790265000,1790265000
1790265060,3.0427442793509027,3.043961620530879,12.136975624815356,12.14183138621756,1790265060,1790265060
1790265120,3.043447401646192,3.0446650241313473,12.137582488768068,12.142438492964413,1790265120,1790265120
1790265180,3.043586973977015,3.044804652302271,12.138189383064736,12.14304563006736,1790265180,1790265180
1790265240,3.043163702341365,3.044381211324098,12.13879630770688,12.143652797527928,1790265240,1790265240
1790265300,3.0422135857764063,3.0434307146364885,12.139403262696012,12.14425999534762,1790265300,1790265300
1790265360,3.0408056072219978,3.0420221727779975,12.140010248033656,12.144867223527969,1790265360,1790265360
1790265420,3.0390373189183624,3.04025317701755,12.140617263721323,12.145474482070481,1790265420,1790265420
1790265480,3.0370286283027093,3.038243682764923,12.141224309760533,12.14608177097668,1790265480,1790265480
1790265540,3.0349142078004694,3.0361284163252944,12.141831386152806,12.146689090248085,1790265540,1790265540
1790265600,3.032835033840686,3.03404841052956,12.142438492899656,12.147296439886214,1790265600,1790265600
1790265660,3.0309296027266917,3.0321422170906547,12.1430456300026,12.14790381989258,1790265660,1790265660
1790265720,3.0293253740102415,3.030537346554354,12.14365279746316,12.148511230268705,1790265720,1790265720
1790265780,3.0281309597910755,3.029342454473928,12.144259995282852,12.149118671016112,1790265780,1790265780
1790265840,3.027429517321415,3.0286407313711536,12.144867223463196,12.149726142136315,1790265840,1790265840
1790265900,3.0272737197732202,3.028484871491473,12.145474482005707,12.150333643630834,1790265900,1790265900
1790265960,3.0276825829793723,3.0288938982756233,12.146081770911902,12.150941175501185,1790265960,1790265960
1790266020,3.0286403201194463,3.0298520185871873,12.146689090183303,12.151548737748888,1790266020,1790266020
1790266080,3.030097285936052,3.0313095673067005,12.147296439821426,12.152156330375464,1790266080,1790266080
1790266140,3.0319729602119603,3.0331859920024034,12.147903819827793,12.152763953382433,1790266140,1790266140
1790266200,3.0341608095165538,3.035374716621781,12.148511230203916,12.153371606771309,1790266200,1790266200
1790266260,3.036534759644387,3.03774961651962,12.149118670951317,12.153979290543617,1790266260,1790266260
1790266320,3.0389569128519707,3.0401727387822977,12.149726142071517,12.15458700470087,1790266320,1790266320
1790266380,3.0412860595654982,3.0425028173408797,12.150333643566032,12.155194749244593,1790266380,1790266380
1790266440,3.0433864705744385,3.0446040686822893,12.15094117543638,12.155802524176302,1790266440,1790266440
1790266500,3.045136420221711,3.046354718449445,12.151548737684081,12.156410329497518,1790266500,1790266500
1790266560,3.046435890352848,3.0476547084726127,12.152156330310653,12.157018165209756,1790266560,1790266560
1790266620,3.0472129431439186,3.0484320721469764,12.152763953317617,12.157626031314543,1790266620,1790266620
1790266680,3.047428329147294,3.048647544321988,12.153371606706493,12.158233927813395,1790266680,1790266680
1790266740,3.0470780112844515,3.048297086303969,12.153979290478796,12.158841854707832,1790266740,1790266740
1790266800,3.0461934278447433,3.0474121489601043,12.154587004636047,12.159449811999375,1790266800,1790266800
1790266860,3.0448394758174167,3.046057655243629,12.155194749179767,12.16005779968954,1790266860,1790266860
1790266920,3.0431103558521393,3.044327843492008,12.15580252411147,12.160665817779849,1790266920,1790266920
1790266980,3.0411235673319905,3.0423402600974767,12.156410329432685,12.161273866271824,1790266980,1790266980
1790267040,3.0390124637811824,3.040228311936326,12.157018165144919,12.161881945166982,1790267040,1790267040
1790267100,3.036917865924296,3.0381328760726958,12.157626031249704,12.162490054466845,1790267100,1790267100
1790267160,3.0349792774085094,3.036193511966384,12.158233927748551,12.163098194172935,1790267160,1790267160
1790267220,3.0333262562781003,3.034539829495255,12.158841854642985,12.163706364286769,1790267220,1790267220
1790267280,3.032070467374384,3.033283538175494,12.159449811934524,12.164314564809873,1790267280,1790267280
1790267340,3.031298883127301,3.032511645232973,12.160057799624685,12.16492279574376,1790267340,1790267340
1790267400,3.031068520014142,3.032281189956136,12.160665817714994,12.165531057089956,1790267400,1790267400
1790267460,3.03140300236055,3.032615806122246,12.161273866206963,12.166139348849976,1790267460,1790267460
1790267520,3.03229114007783,3.0335042991656787,12.16188194510212,12.166747671025345,1790267520,1790267520
1790267580,3.033687596814256,3.0349013145965382,12.162490054401982,12.167356023617586,1790267580,1790267580
1790267640,3.03551561304554,3.0367300621805846,12.163098194108068,12.167964406628213,1790267640,1790267640
1790267700,3.0559524548968975,3.0571750804039572,12.1637063642219,12.168572820058754,1790267700,1790267700
1790267760,3.058326632384222,3.0595502077522494,12.164314564744997,12.169181263910728,1790267760,1790267760
1790267820,3.0424585603043233,3.0436757871738185,12.16492279567888,12.169789738185653,1790267820,1790267820
1790267880,3.044811027696049,3.0460291957407364,12.165531057025069,12.170398242885051,1790267880,1790267880
1790267940,3.0469518837103324,3.0481709082687285,12.166139348785087,12.171006778010447,1790267940,1790267940
1790268000,3.0487569211646295,3.0499766678824387,12.166747670960454,12.17161534356336,1790268000,1790268000
1790268060,3.0501227099595036,3.051343003102116,12.167356023552692,12.172223939545312,1790268060,1790268060
1790268120,3.0509731819251558,3.052193815324606,12.167964406563318,12.172832565957822,1790268120,1790268120
1790268180,3.0512645004335197,3.052485250383683,12.168572819993857,12.173441222802415,1790268180,1790268180
1790268240,3.0509878780675246,3.0522085173466076,12.169181263845825,12.174049910080608,1790268240,1790268240
1790268300,3.0501701450567564,3.0513904571772033,12.169789738120748,12.174658627793931,1790268300,1790268300
1790268360,3.048872028328737,3.050091821098622,12.170398242820143,12.175267375943895,1790268360,1790268360
1790268420,3.047184261819049,3.048403379347282,12.171006777945538,12.175876154532032,1790268420,1790268420
1790268480,3.0452217985447776,3.046440130930672,12.171615343498447,12.176484963559856,1790268480,1790268480
1790268540,3.0431165208385846,3.0443340109449415,12.172223939480393,12.177093803028892,1790268540,1790268540
1790268600,3.0410089373246576,3.0422255842289685,12.1728325658929,12.177702672940665,1790268600,1790268600
1790268660,3.0390394083163006,3.040255267251414,12.17344122273749,12.178311573296694,1790268660,1790268660
1790268720,3.0373394545320687,3.0385546333496447,12.17404991001568,12.178920504098501,1790268720,1790268720
1790268780,3.036023680543781,3.037238332946479,12.174658627729,12.179529465347615,1790268780,1790268780
1790268840,3.035182790137748,3.0363971061169988,12.17526737587896,12.180138457045544,1790268840,1790268840
1790268900,3.0348780930429022,3.036092287118935,12.175876154467092,12.180747479193824,1790268900,1790268900
1790268960,3.035137808434367,3.036352106417337,12.176484963494914,12.181356531793973,1790268960,1790268960
1790269020,3.035955366379411,3.0371699914509773,12.17709380296395,12.181965614847512,1790269020,1790269020
1790269080,3.037289798601025,3.0385049575522554,12.17770267287572,12.182574728355965,1790269080,1790269080
1790269140,3.0390681979299523,3.040284068383215,12.178311573231744,12.183183872320855,1790269140,1790269140
1790269200,3.041190114252024,3.0424068336416026,12.178920504033549,12.183793046743705,1790269200,1790269200
1790269260,3.043533646455741,3.044751303445721,12.179529465282657,12.184402251626038,1790269260,1790269260
1790269320,3.04596288863367,3.0471815175148995,12.180138456980588,12.185011486969378,1790269320,1790269320
1790269380,3.0483362998197823,3.049555878255397,12.180747479128861,12.185620752775243,1790269380,1790269380
1790269440,3.050515496476764,3.051735946765412,12.181356531729005,12.186230049045161,1790269440,1790269440
1790269500,3.0523739231575573,3.053595116965582,12.181965614782543,12.186839375780655,1790269500,1790269500
1790269560,3.053804846220354,3.055026612512101,12.182574728290993,12.187448732983247,1790269560,1790269560
1790269620,3.054728143279657,3.0559502789641058,12.18318387225588,12.188058120654462,1790269620,1790269620
1790269680,3.0550954290517764,3.0563177116799225,12.183793046678726,12.18866753879582,1790269680,1790269680
1790269740,3.054893163928337,3.0561153656342497,12.184402251561057,12.18927698740885,1790269740,1790269740
1790269800,3.0541435279028164,3.0553654296943353,12.185011486904392,12.18988646649507,1790269800,1790269800
1790269860,3.0529029982324913,3.0541244037128803,12.185620752710253,12.190495976056006,1790269860,1790269860
1790269920,3.0512587305796623,3.0524794782214224,12.18623004898017,12.191105516093183,1790269920,1790269920
1790269980,3.0493229956837142,3.050542968876626,12.186839375715659,12.191715086608122,1790269980,1790269980
1790270040,3.047226053499776,3.0484451877480256,12.187448732918249,12.192324687602351,1790270040,1790270040
1790270100,3.045107943930581,3.0463262307655206,12.188058120589458,12.19293431907739,1790270100,1790270100
1790270160,3.0431097317809095,3.0443272191710995,12.188667538730815,12.193543981034768,1790270160,1790270160
1790270220,3.0413647619912134,3.042581551253862,12.189276987343838,12.194153673476002,1790270220,1790270220
1790270280,3.0399904622745124,3.041206701707309,12.189886466430055,12.194763396402623,1790270280,1790270280
1790270340,3.0390811796623374,3.0402970553093316,12.19049597599099,12.19537314981615,1790270340,1790270340
1790270400,3.038702462335418,3.039918186465178,12.191105516028166,12.195982933718113,1790270400,1790270400
1790270460,3.038887105737453,3.040102903739348,12.191715086543102,12.196592748110032,1790270460,1790270460
1790270520,3.0396331786522586,3.0408492751430174,12.192324687537326,12.197202592993431,1790270520,1790270520
1790270580,3.0409041355164295,3.0421207404916313,12.192934319012362,12.19781246836984,1790270580,1790270580
1790270640,3.042631009228883,3.0438483050917466,12.193543980969736,12.198422374240778,1790270640,1790270640
1790270700,3.0447165668059077,3.0459346970586805,12.194153673410966,12.19903231060777,1790270700,1790270700
1790270760,3.0470412011680663,3.048260261460592,12.194763396337583,12.199642277472345,1790270760,1790270760
1790270820,3.049470229761598,3.050690261859922,12.195373149751111,12.200252274836027,1790270820,1790270820
1790270880,3.051862179646199,3.0530831687158715,12.195982933653067,12.200862302700337,1790270880,1790270880
1790270940,3.054077565593858,3.0552994409951757,12.196592748044985,12.201472361066806,1790270940,1790270940
1790271000,3.0559876199815235,3.0572102595574315,12.197202592928383,12.202082449936954,1790271000,1790271000
1790271060,3.0574824179335636,3.05870565554826,12.197812468304784,12.202692569312307,1790271060,1790271060
1790271120,3.0584778637222625,3.059701499594926,12.198422374175719,12.203302719194392,1790271120,1790271120
1790271180,3.058921067198849,3.060144880388366,12.199032310542709,12.203912899584733,1790271180,1790271180
1790271240,3.058793740134721,3.060017502383225,12.199642277407282,12.20452311048486,1790271240,1790271240
1790271300,3.058113375310878,3.059336865359012,12.200252274770957,12.20513335189629,1790271300,1790271300
1790271360,3.0569321253172856,3.0581551427709033,12.200862302635267,12.205743623820558,1790271360,1790271360
1790271420,3.05533345969223,3.056555837551679,12.20147236100173,12.206353926259183,1790271420,1790271420
1790271480,3.0534268335533215,3.054648448609754,12.202082449871876,12.206964259213693,1790271480,1790271480
1790271540,3.0513407345741674,3.0525615150240872,12.202692569247226,12.207574622685613,1790271540,1790271540
1790271600,3.049214577264832,3.0504345070817016,12.203302719129308,12.20818501667647,1790271600,1790271600
1790271660,3.0471899774108704,3.048409097225798,12.203912899519647,12.208795441187789,1790271660,1790271660
1790271720,3.0454019632259017,3.0466203676920856,12.20452311041977,12.209405896221098,1790271720,1790271720
1790271780,3.043970665504856,3.0451884973374246,12.205133351831199,12.21001638177792,1790271780,1790271780
1790271840,3.042993982198352,3.0442114232794477,12.20574362375546,12.210626897859783,1790271840,1790271840
1790271900,3.0425416404324346,3.0437589005406287,12.206353926194085,12.211237444468216,1790271900,1790271900
1790271960,3.042650988404725,3.0438682922608575,12.206964259148588,12.211848021604737,1790271960,1790271960
1790272020,3.043324747281443,3.0445423206950384,12.207574622620506,12.212458629270884,1790272020,1790272020
1790272080,3.0445308442568817,3.045748900205774,12.20818501661136,12.213069267468175,1790272080,1790272080
1790272140,3.0462043359664275,3.04742306144591,12.208795441122676,12.213679936198139,1790272140,1790272140
1790272200,3.048251319229229,3.049470863665808,12.20940589615598,12.214290635462303,1790272200,1790272200
1790272260,3.050554616335483,3.0517750822752054,12.210016381712798,12.214901365262193,1790272260,1790272260
1790272320,3.0529809182628487,3.054202354917485,12.210626897794661,12.21551212559934,1790272320,1790272320
1790272380,3.0553889761462005,3.0566113762166727,12.21123744440309,12.216122916475264,1790272380,1790272380
1790272440,3.057638355342386,3.0588616553445234,12.211848021539609,12.216733737891495,1790272440,1790272440
1790272500,3.0595982148151757,3.0608222989179223,12.21245862920575,12.217344589849562,1790272500,1790272500
1790272560,3.061155554543278,3.062380261706527,12.213069267403037,12.217955472350988,1790272560,1790272560
1790272620,3.0622223909849593,3.06344752496815,12.213679936133,12.218566385397304,1790272620,1790272620
1790272680,3.0627413781400556,3.063966719759635,12.21429063539716,12.219177328990037,1790272680,1790272680
1790272740,3.062689488162425,3.0639148090218615,12.214901365197049,12.219788303130715,1790272740,1790272740
1790272800,3.062079494902239,3.0633045717155625,12.21551212553419,12.220399307820859,1790272800,1790272800
1790272860,3.060959156000074,3.0621837845881914,12.216122916410109,12.221010343062003,1790272860,1790272860
1790272920,3.05940815086821,3.0606321589301695,12.21673373782634,12.221621408855677,1790272920,1790272920
1790272980,3.0575329883913493,3.058756246238275,12.217344589784402,12.222232505203399,1790272980,1790272980
1790273040,3.0554602355168963,3.056682664096819,12.217955472285826,12.222843632106706,1790273040,1790273040
1790273100,3.0533285248170934,3.0545501005421647,12.21856638533214,12.22345478956712,1790273100,1790273100
1790273160,3.05127986837507,3.0525006244736397,12.219177328924872,12.224065977586172,1790273160,1790273160
1790273220,3.0494508343739724,3.0506708587125897,12.219788303065542,12.224677196165388,1790273220,1790273220
1790273280,3.04796413327396,3.0491835628131776,12.220399307755685,12.225288445306298,1790273280,1790273280
1790273340,3.0469211174831186,3.0481401297325617,12.221010342996827,12.225899725010429,1790273340,1790273340
1790273400,3.046395628903995,3.047614430915959,12.221621408790492,12.226511035279307,1790273400,1790273400
1790273460,3.0464295400483477,3.0476483556274823,12.222232505138216,12.227122376114465,1790273460,1790273460
1790273520,3.0470302332093615,3.0482492891138264,12.222843632041519,12.227733747517432,1790273520,1790273520
1790273580,3.048170153727988,3.0493896656918715,12.223454789501929,12.228345149489726,1790273580,1790273580
1790273640,3.0497884615075024,3.0510086209239886,12.224065977520976,12.228956582032886,1790273640,1790273640
1790273700,3.0701605029477967,3.071388812810948,12.224677196100192,12.22956804514844,1790273700,1790273700
1790273760,3.072453759994108,3.0736829873435756,12.225288445241096,12.23017953883791,1790273760,1790273760
1790273820,3.056495291007651,3.0577181336925907,12.225899724945224,12.230791063102833,1790273820,1790273820
1790273880,3.058917003226289,3.0601408147898925,12.226511035214099,12.231402617944731,1790273880,1790273880
1790273940,3.0611981372912105,3.062422861490967,12.227122376049254,12.232014203365138,1790273940,1790273940
1790274000,3.0632059200339645,3.0644314475074728,12.227733747452215,12.232625819365579,1790274000,1790274000
1790274060,3.0648243960246275,3.0660505710180357,12.228345149424511,12.233237465947584,1790274060,1790274060
1790274120,3.065961783996131,3.067188414035737,12.228956581967667,12.233849143112684,1790274120,1790274120
1790274180,3.0665563362846346,3.06778320419273,12.229568045083214,12.234460850862403,1790274180,1790274180
1790274240,3.066580299861774,3.0678071773572175,12.230179538772685,12.235072589198278,1790274240,1790274240
1790274300,3.066041703238164,3.067268365251862,12.230791063037604,12.235684358121834,1790274300,1790274300
1790274360,3.0649838436359502,3.0662100824211613,12.231402617879498,12.2362961576346,1790274360,1790274360
1790274420,3.063482510324334,3.06470814845609,12.232014203299903,12.236907987738109,1790274420,1790274420
1790274480,3.0616411382398865,3.062866039675469,12.232625819300338,12.237519848433884,1790274480,1790274480
1790274540,3.059584226795092,3.060808305301511,12.23323746588234,12.23813173972346,1790274540,1790274540
1790274600,3.05744947038261,3.0586726948156495,12.233849143047436,12.238743661608368,1790274600,1790274600
1790274660,3.0553791216934676,3.056601517821371,12.234460850797154,12.239355614090131,1790274660,1790274660
1790274720,3.0535111433668,3.0547327921539043,12.235072589133026,12.239967597170285,1790274720,1790274720
1790274780,3.0519706988707864,3.0531917313568315,12.235684358056577,12.240579610850357,1790274780,1790274780
1790274840,3.050862494558024,3.05208308367367,12.23629615756934,12.24119165513188,1790274840,1790274840
1790274900,3.0502644183255323,3.05148476816283,12.236907987672842,12.24180373001638,1790274900,1790274900
1790274960,3.050222833647609,3.0514431668477076,12.237519848368617,12.24241583550539,1790274960,1790274960
1790275020,3.050749787745716,3.051970331769619,12.23813173965819,12.24302797160044,1790275020,1790275020
1790275080,3.0518222847852483,3.0530432578937843,12.238743661543095,12.243640138303062,1790275080,1790275080
1790275140,3.053383663243823,3.054605261028678,12.239355614024856,12.244252335614782,1790275140,1790275140
